게시글ID,제목,내용,댓글,URL
7241,[TIP] 별도 페이지를 통한 Google OTP 발급 시 관리자 2차 인증 설정 방법,"[개요]
- 별도 페이지를 통한 Google OTP 발급 시 관리자 2차 인증 설정 방법을 공유하고자 합니다.
[설정방법]
1. saferuas 엔지니어 페이지 접속
- 2차 인증 연동 / 2-factor 인증 연동 > 관리자 2차 인증 설정
2. Enterprise Manager 설정
- 시스템 설정 > 메뉴 설정 > 로그인 시 2차 인증 사용: 관리자 계정 자체 인증 설정 후 확인버튼 클릭
3. 관리자 계정 수정
- 관리자 계정 관리 > (관리자 계정 우클릭)관리자 계정 수정 > 휴대전화번호/이메일 기입 및 관리자 2차 인증 ""사용"" 설정 후 확인버튼 클릭
4. Google OTP 키 발급
- 관리자 로그인 후, OTP 인증번호 재발급을 눌러 Google OTP 키 발급 페이지 접속.
- 관리자 계정으로 로그인 후 키값 확인
이상입니다. 감사합니다.",댓글 없음,https://cafe.naver.com/pnpsecure2/7241
7233,[기술본부 공유] SKT 해킹 BPFDoor 악성코드 점검 보안 위협 점검 및 대응 내역,"※ 본 내용은 DBSAFER를 포함한 회사 제품군(INFOSAFER, DATACRYPTO, FACELOCKER) 어플라이언스 장비 전체에 해당됩니다.
0. 환경
- 사이트명 : 포스코이앤씨
- 버전 : INFOSAFER V1- Build 662
- OS : CentOS Linux release 7.8.2003
- 서버 : DELL R740
1. 요청 사항
- 최근 SKT 해킹 사례 관련 INFOSAFER 어플라이언스 장비 내 BPFDoor 악성코드 감염 여부 점검
2. 포스코이앤씨 기준 대응 및 예방 조치 항목
- 항목
1) BPFDoor 탐지 : 패킷 수신 대기 함수(packet_recvmsg, wait_for_more_packets) 사용 여부 확인
2) 비정상 포트 확인 : ss -lp 명령어로 42391~43391 포트 모니터링
3) 악성 파일 존재 여부 : /dev/shm/kdmtmpflush 경로 확인
4) iptables 조작 여부 : 비정상 리디렉션 규칙 존재 여부 확인
5) 위장 프로세스 존재 여부 : kdmtmpflush 등 위장된 백도어 프로세스 탐지
3. 상세 점검 및 대응 가이드
1) BPFDoor 탐지 (패킷 스니핑 프로세스 확인)
# grep packet_recvmsg /proc/*/stack
# grep wait_for_more_packets /proc/*/stack
1-1) 탐지시 대응 절차
- PID 추출 예시 (PID=2050)
# ps -fp 2050
# ls -l /proc/2050/exe
# strings /proc/2050/exe | less
- 악성 의심 시 종료 및 삭제
# kill -9 2050
# rm -f /실제 실행 경로 (ls -l로 확인한 실제 파일 삭제)
2) 비정상 포트(42391~43391) 탐지
# ss -lp | grep -E ':[4][2-3][0-9]{3}|:43000|:43100|:43200|:43300'
2-1) 탐지시 대응 절차
- 포트 → PID 확인
# netstat -anp | grep 42763
# lsof -i :42763
- 상세 정보 확인
# ps -fp 1598
# ls -l /proc/1598/exe
# strings /proc/1598/exe | less
- 악성 의심 시 종료 및 삭제
# kill -9 1598
# rm -f /실제 실행 경로
3) 악성 파일 존재 여부 확인
# ls -al /dev/shm/kdmtmpflush
※ 존재 시 삭제 필요 + 백업 및 해시 수집 권장
4) iptables 비정상 규칙 확인
# iptables -nL
5) 위장 프로세스 점검 (kdmtmpflush 등)
# ps -ef | grep -i kdmtmpflush
# ps -ef | grep -i kdmtmp
[결론]
포스코이앤씨에 납품된 INFOSAFER V1 어플라이언스 장비에서는 이상 징후 없이 정상으로 확인되었습니다.
추후 회사 제품군 전체에 유사 요청이 들어올 수 있으며, 위 내용을 기준으로 동일하게 대응 가능함을 안내드립니다.
이상입니다.
===================================================================
금융위 사무처장 주관 SKT 해킹 관련 긴급 점검 회의 관련 자료 추가 합니다.(2025.04.30 14:11)
[텍스트 변환]
# sudo ss -0bp
# /usr/sbin/smartd -n -q never (smartadm 샘플의 위장 프로세스명)
# /usr/libexec/hald-addon-volume (hald-addon-volume 샘플의 위장 프로세스명)
# dbus-daemon --system (dbus-srv-bin.txt 샘플의 위장 프로세스명)
# hpasmlited -f /dev/hpilo (hpadmmild 샘플의 위장 프로세스명)
# 0x7255(29269), 0x5293(21139), 0x39393939(960051513) [smartadm 샘플]
# 0x7255(29269), 0x5293(21139) [hpadmmild 샘플]
# sudo ss -0pb | grep -EB1 ""$((0x7255))|$((0x5293))|$((0x39393939))""
[텍스트 변환]
# find {검색 디렉토리 경로} -type f -exec sh -c 'hexdump -ve ""1/1 \""%02x\"""" ""$1"" | grep -q ""c6459049c6459135c645922ac6459341c6459459c6459562"" && echo ""$1""' _ {} \;
[텍스트 변환]
# netstat -lpn | grep -E ':42[3-9][0-9]{2}|43[0-3][0-9]{2}'
참고자료 : (20250430)금융위 사무처장 주관SKT해킹관련 긴급점검회의_회의자료.pdf
첨부파일
(20250430)금융위 사무처장 주관SKT해킹관련 긴급점검회의_회의자료
.pdf
null
파일 다운로드","스텝: 수고 많으셨습니다. 고맙습니다. | 김영회: BPFDoor 악성코드 무료 점검 툴 참고용으로 공유 드립니다.
- https://www.piolink.com/kr/service/Security-Analysis.php?bbsCode=security&vType=view&idx=141 | 이민종: KISA에서 배포한 점검 가이드 문서입니다.
https://www.boho.or.kr/kr/bbs/view.do?bbsId=B0000133&pageIndex=1&nttId=71754&menuNo=205020",https://cafe.naver.com/pnpsecure2/7233
7230,[한국기업데이터] Manager 접속시 Duplication column name 발생으로 로그인 불가 현상,"1. 증상
: Manager에서 로그인 시도시 아무런 반응이 없으며 입력한 패스워드가 사라지고 로그인 처리가 되지 않음
2. 원인
: C:\Users\사용자\AppData\Roaming\PNP SECURE\Enterprise Manager(x64)\Log에서 emLOG확인 결과
Duplication column name에러 발생
: dbsafer3.manager_ip_allow 테이블에 manager_mac 컬럼이 존재하지만 Manager에서 해당 컬럼이 없다고 판단하고
해당 컬럼을 추가하는 과정에서 Duplication 에러로그 발생
3. 조치
: Manager관련 캐싱 테이블을 가지고 있는 dbsafer3.database_info_cache 테이블 truncate 처리",댓글 없음,https://cafe.naver.com/pnpsecure2/7230
7117,[한국토요타자동차] Enterprise Manager 7.0에서 IM Web Manager 호출 기능 지원 문의,"[FAQ분류] (에러로그문의 / 기능로직문의 / 기타문의)
[고객사/채널사]
- 한국토요타자동차
[이슈내용]
1. 증상 (증상 발생 전/후 변경된 사항의 유무를 반드시 체크0
- Enterprise Manager 7.0에서 IM Web Manager 호출 기능 미동작
> V5.0 Enterprise Manager에서는 아래와 같이 ""계정관리"" 메뉴가 노출되고 IM Web Manager를 실행할 수 있었습니다.
> V7.0 Enterprise Manager에서는 동일한 설정 후에도 메뉴가 노출되지 않습니다.
V5.0 (정상 노출)
<참고 벅스>
https://bugs.pnpsecure.com/view.php?id=23166
https://bugs.pnpsecure.com/view.php?id=23195
<설정 내역>
- dbsafer3.auth_users 테이블의 isadmin=1
- dbsafer3.variables 테이블의 mgr_use_imup=1 (3으로도 테스트)
- truncate dbsafer3.database_info_cache 명령도 수행하였으나, 메뉴 노출되지 않았습니다.
2. 예상되는 원인 및 확인한 내용 (방화벽 및 보안 프로그램 등의 체크 사항)
- V5.0에서 개발된 로직이 V7.0 Enterprise Manager or DBSAFER IM 소스에 반영되지 않은 것으로 추정
3. 특이사항 (연동 모듈, 커스텀 개발 등)
4. 사내 재현 정보
5. 요청사항
- Enterpsrise Manager 7에서도 ""계정관리"" 메뉴를 노출시켜 IM Web Manager 호출이 가능한지 로직 문의
(설정이 누락됐거나 보완사항이 있으면 말씀 부탁드립니다.)
[모듈 로그(Debugging 로그 및 ERROR 로그]
(파일 첨부를 하는 경우에도 중요한 에러로그(ERROR, WARNING)의 경우 반드시 본문에 포함)
[버전 정보](서버 PKG, Manager, PC-ASSIST, 클라이언트 툴 버전 등)
- 테스트한 매니저 V7.0 버전: 7.0.0.2A (Build-3204), IM: V1.6.2.51-a
[첨부파일](파일명에 이슈와 관련된 모듈이나 제품명 및 사이트명)","이건국: 안녕하세요, 강수빈 과장님.
해당 건은 EnterpriseManager 7.0 기능추가 건으로 벅스 등록 부탁드립니다.
(IM 1.6.2.x 버전에서는 기능 제공 중이므로, IM에 대해서는 따로 벅스등록을 하지 않으셔도됩니다.) | 강수빈: 해당 건 처리 완료되어 공유드립니다.
https://bugs.pnpsecure.com/view.php?id=30663

감사합니다. | 강수빈: URL 호출 실패 시 아래 테이블에서 APP 계정이 있는지 확인 필요합니다.
manager 계정이 존재해야 합니다.
=================================================
SELECT
idx
, app_id
, app_pw
, realm
, refresh_token
, secret
, reg_date
FROM
webem.api_client
WHERE
app_id = 'manager';
=================================================",https://cafe.naver.com/pnpsecure2/7117
7085,[Tip] 매니저 OS 언어 설정에 따른 메뉴 및 인코딩 설정 방법,"아래 내용을 참고하여 언어 관련 설정을 구분하고 글자 깨짐 현상 조치에 도움이 되길 바랍니다.
1. (윈도우) 레지스트리 설정
레지스트리의 Html Path 항목에 KOR, ENU, JPN은 매니저 리소스의 영문처리와 관련이 있습니다.
즉, 메뉴 구성이나 출력되는 메시지 등에만 영향을 줍니다.
Windows를 한글기반에서 영문으로 변경하시면
각 OS 별로 디폴트 코드 페이지 값이 다르게 설정됩니다.
[ 설정 경로 ]
컴퓨터\HKEY_LOCAL_MACHINE\SOFTWARE\PNP SECURE\Enterprise Manager
[ 변수 ]
Html Path
[ 설정 옵션 ]
값 데이터(V) : KOR | ENU | JPN
2. (매니저) 시스템 설정
OS기반으로 DB에 입력된 데이터가 어떻게 보이는지와 관련이 있습니다.
예를들어, 이미 DB에 들어가 있는 정보가 한글 OS 기반일 때 CP949로 데이터가 DB에 들어간 케이스라
영문 OS에서 CP1252로 변환처리 했을 때 깨져서 보일 수 있습니다.
[ 설정 경로 ]
시스템설정(Ctrl+Shift+F8) > 기본 동작 설정
[ 변수 ]
코드 페이지 설정
[ 설정 옵션 ]
값 데이터(V) : OS기본(CP_ACP) | 한글(CP_949) | 일본어(CP_932)",채널지원: 이미지가 보이지 않습니다. | 조재근: 업데이트 했습니다. 감사합니다.,https://cafe.naver.com/pnpsecure2/7085
6843,[오스템임플란트] 매니저 로그 조회 시 PC 사용 용량 체크 관련 문의,"[분류] (에러로그문의 / 기능로직문의 / 기타문의)
기능로직문의
[고객사/채널사]
오스템임플란트
[이슈내용]
1. 증상 (증상 발생 전/후 변경된 사항의 유무를 반드시 체크0
서비스로그 조회 시 PC 용량 점유율 확인 메시지 출력
2. 예상되는 원인 및 확인한 내용 (방화벽 및 보안 프로그램 등의 체크 사항)
3. 특이사항 (연동 모듈, 커스텀 개발 등)
4. 사내 재현 정보
5. 요청사항
서비스로그 조회 시 PC 용량 점유율 확인 시 C드라이브 용량이 90퍼센트가 넘어 조회가 되지 않을 때
매니저를 다른 디스크/파티션 (D드라이브 등)에 설치하여 해결이 가능한지, 아니면 다른 디스크/파티션에 설치하더라도 무조건 C드라이브의 용량을 확인하는지 문의드립니다.
[모듈 로그(Debugging 로그 및 ERROR 로그]
(파일 첨부를 하는 경우에도 중요한 에러로그(ERROR, WARNING)의 경우 반드시 본문에 포함)
[버전 정보](서버 PKG, Manager, PC-ASSIST, 클라이언트 툴 버전 등)
[첨부파일](파일명에 이슈와 관련된 모듈이나 제품명 및 사이트명)","김태윤: 현재는 DBSAFER Manager 설치 경로와 상관없이 C:\ 드라이브를 이용하여 조회 시 캐시 정보를 저장하는 용도로 사용하고 있습니다.
(예를 들어 인터넷 브라우저를 사용하는 경우 임시 파일을 다운로드 하는 것과 유사합니다.)
해당 기능에 대해서 수정이 필요하다면 벅스로 올려 주시기 바랍니다.

대부분의 소프트웨어 프로그램이 대부분 C 드라이브를 사용하고 있습니다. 참고하세요.

추가로 시스템 설정 부분에 로그조회설정 부분에 ""대용량 조회 가능한 최소 디스크 용량""에 대해서 기본 10%로 되어 있는데, 조정하시면 될 것으로 보입니다.

감사합니다. | 강성우: 자세하게 답변해주셔서 도움되었습니다. 감사합니다.",https://cafe.naver.com/pnpsecure2/6843
6749,[수협중앙회] EnterpriseManager7.0에서 DBMS 서비스 그룹 장비 조회 안되는 증상,"[분류] (에러로그문의 / 기능로직문의 / 기타문의)
기타 문의
[고객사/채널사]
수협중앙회
[이슈내용]
1. 증상 (증상 발생 전/후 변경된 사항의 유무를 반드시 체크0
EnterpriseManager7.0 > 객체관리 > 서비스 > DBMS > 그룹 클릭 시 등록 장비가 보이지 않음
2. 예상되는 원인 및 확인한 내용 (방화벽 및 보안 프로그램 등의 체크 사항)
- 생성되어 있는 그룹의 모든 DBMS 장비가 보이지 않음
- 그룹을 수정 또는 새로 생성할 경우 기존 생성되어 있던 그룹의 DBMS 장비 리스트가 보여짐
- DB 접속 후 dbsafer3.servicegroups 테이블 확인 시 생성하지 않는 그룹들이 900개 정도 생성되어 있는 것을 확인
예시)
3. 특이사항 (연동 모듈, 커스텀 개발 등)
4. 사내 재현 정보
5. 요청사항
- DBMS 서비스 그룹 선택 시 장비 정보가 보이지 않는 증상에 대하여 확인 요청
- DB 데이터에 생성하지 않는 데이터 생성 원인 확인 요청
[버전 정보](서버 PKG, Manager, PC-ASSIST, 클라이언트 툴 버전 등)
- Custom_Set : CustomSet_Rocky8.7_20240603.cpio.gz
- AM : PKG_DBSAFER7_RelR23.05_RockyLinux_x86_64_P11.11_D2F_ssl30_MariaDB_20240524.tar
[첨부파일](파일명에 이슈와 관련된 모듈이나 제품명 및 사이트명)","최재규: 우선 HOM0000....001 로 생성되는 데이터는 호스트 객체를 만들면 자동으로 만들어지는 그룹으로 확인했습니다.
해당 데이터는 매니저에서 서비스 그룹 선택시 정보가 보이지 않는 현상과 무관할 것으로 판단됩니다.

매니저에서 서비스그룹 메뉴를 선택할 경우 servicegroup_link 테이블과 servicegroup_link_linksrc 테이블을 조회하는데 해당 테이블 조회한 결과 확인이 필요합니다.

또한 아래 쿼리에 해당하는 결과도 필요합니다.
SELECT IFNULL(`UPDATE_TIME`, `CREATE_TIME`) AS `UPDATE_TIME` FROM information_schema.TABLES WHERE `TABLE_SCHEMA` = 'dbsafer3' AND `TABLE_NAME` = 'services' OR `TABLE_NAME` = 'client_host' OR `TABLE_NAME` = 'dbsafer_ldap_list' OR `TABLE_NAME` = | 최재규: 매니저에서 Join 하는 쿼리에서 이슈가 있었던 것으로 현상 확인했으며, Build-2859 버전에서 발생합니다.
최신버전(Build-3136)에서는 발생하지 않는 것으로 확인하고 이슈 종료합니다.",https://cafe.naver.com/pnpsecure2/6749
6738,"[KT Cloud] Enterprise Manager 7.0 관리자 로그에 기록되는 ""환경설정 삭제"" 로그 문의","[분류] (에러로그문의 / 기능로직문의 / 기타문의)
기타문의
[고객사/채널사]
KT Cloud
[이슈내용]
1. 증상 (증상 발생 전/후 변경된 사항의 유무를 반드시 체크0
- 관리자가 환경설정 조작을 하지 않았음에도, Enterprise Manager 7.0 관리자 로그에 ""환경설정 삭제"" 라는 문구가 기록되는 현상
2. 예상되는 원인 및 확인한 내용 (방화벽 및 보안 프로그램 등의 체크 사항)
3. 특이사항 (연동 모듈, 커스텀 개발 등)
- 담당자가 Enterprise Manager 7.0을 통해 작업을 진행하지 않았음에도, 해당 문구가 기록되어 문의주셨습니다.
4. 사내 재현 정보
5. 요청사항
- Enterprise Manager 7.0 관리자 로그에 기록되는 ""환경설정 삭제"" 문구가 어떤 상황에서 기록되는지 문의
[모듈 로그(Debugging 로그 및 ERROR 로그]
(파일 첨부를 하는 경우에도 중요한 에러로그(ERROR, WARNING)의 경우 반드시 본문에 포함)
[버전 정보](서버 PKG, Manager, PC-ASSIST, 클라이언트 툴 버전 등)
- 매니저 정보: 7.0.0.1 [3.7.48] Build-2161
[첨부파일](파일명에 이슈와 관련된 모듈이나 제품명 및 사이트명)","조재근: 안녕하세요 강수빈 과장님!
기반검증팀 조재근입니다.

해당 로그는 매니저에서 SSH 서비스 삭제시 발생하는 로그 입니다. (이슈나 버그 아님)

문구가 `환경 설정 삭제` 라고 나와있어 다소 혼란이 있었을 거라 생각합니다.

91361119 관리자가 여러개의 SSH서비스를 삭제했는지 담당자 확인 부탁드립니다.

아래 이미지와 같이 재현됨을 확인했습니다.
감사합니다.",https://cafe.naver.com/pnpsecure2/6738
6682,[라이나 생명 보험] Manager DBMS 명령어 로그 파일 출력 시 한줄씩 띄어져서 출력되는 현상에 대하여 문의드립니다.,"[분류] (에러로그문의 / 기능로직문의 / 기타문의)
기타문의
[고객사/채널사]
라이나생명보험
[이슈내용]
1. 증상 (증상 발생 전/후 변경된 사항의 유무를 반드시 체크
- DBMS 명령어 파일 출력 시 한줄씩 띄어져서 저장되는 현상
2. 예상되는 원인 및 확인한 내용 (방화벽 및 보안 프로그램 등의 체크 사항)
- 실제 실행 시 enter를 통하여 줄을 바꿈
- 허나 한줄씩 띄어서 작성하지는 않았음
3. 특이사항 (연동 모듈, 커스텀 개발 등)
- 없음
4. 사내 재현 정보
- IP : 192.168.112.38 / ID : admin / PW : admin007!
5. 요청사항
- 해당 동작이 정상 동작인지 확인이 필요합니다.
[모듈 로그(Debugging 로그 및 ERROR 로그]
(파일 첨부를 하는 경우에도 중요한 에러로그(ERROR, WARNING)의 경우 반드시 본문에 포함)
[버전 정보](서버 PKG, Manager, PC-ASSIST, 클라이언트 툴 버전 등)
Manager : 6817, 7332
[첨부파일](파일명에 이슈와 관련된 모듈이나 제품명 및 사이트명)","여성구: 기반검증팀에 확인 요청하였습니다. | 전준호: 안녕하세요. 여성구 부장님.
프로젝트 1팀 전준호입니다.
확인 감사합니다. | 김태윤: 아래의 형태로 쿼리 조회를 하고 DBSAFER에서는 해당 쿼리에 대해서 로그를 남겼을 것입니다.
select * from
dbsafer3.dbsafer_ldap_list
where idx=1
LIMIT 0, 200

실제 DB에 저장된 정보를 바이너리 형태로 확인해 보면, 줄 넘김 부분에 \r Carriage Return, \n Line Feed 이 있어서 엑셀로 저장 시

\r\n > \n 으로 치환되어야 하나 \n\n 으로 치환되어서 발생되는 부분입니다.
연구소에서 이슈 생성 후 처리 예정입니다.

감사합니다. | 전준호: 안녕하세요. 김태윤 실장님.
프로젝트 1팀 전준호입니다.

확인해 주셔서 대단히 감사합니다. | 김태윤: 해당 이슈에 대한 벅스 정보와 수정 버전에 대한 정보 공유합니다.

[벅스]
https://bugs.pnpsecure.com/view.php?id=28856

[패키지]
https://bbs.pnpsecure.com/showthread.php?tid=13835",https://cafe.naver.com/pnpsecure2/6682
6596,[공지] BBS 게시판 정리,"장기간 사용되고 있는 BBS 를 정리합니다. 아래의 목적과 기준으로 정리를 진행합니다.
정리 시에 다운로드 가능한 고객사 전용 버전은 예외 할 예정이나 담당 엔지니어 분들께서는 사전에 필요한 것은 확인을 해주시기 바랍니다.
[정리 일정]
2024년 08월 05일(월) 부터 순차 진행 예정
[정리 목적]
장기간 사용되어서 누적된 BBS 에 2024년 기준으로 사용이 되지 않는 게시판 및 다운로드 되지 않는 다수의 게시글로 인한 문제 해결
[게시판 정리 기준]
2016년 이전 기준으로 등록자가 ""Guest"" 인 게시판 삭제 (실제 다운로드 불가 게시글)
최상단 게시판에서 사용성 없거나 적은 게시판의 삭제 및 비활성화
실제 사용이 적으나 필요한 게시판은 ""기타 프로젝트""로 게시판으로 통합 관리
BBS 등록 필수가 아닌 게시글 삭제
필요 시 빌드가 가능한 범위의 매니저 프로그램 삭제 (대상은 하위 ""게시글 삭제 대상"" 참고)
고객사 전용은 삭제 제외
매니저 기타의 경우 게시 내용인 svn 로그는 svn 로그로 확인 가능하며 빌드도 버전 관리로 가능하여 오래 된 게시글을 삭제하고자 합니다.
[기대효과]
최상단의 게시판을 필요 항목으로 구성하여 찾기 쉽도록 구성
게시판 명칭 변경으로 필요한 모듈 찾기가 쉽게 효율성 증대
주요 변경사항은 아래와 같습니다.
게시판 및 게시글 삭제 대상
공지사항 (카테고리) 및 공지사항 게시판
IT 트랜드 & 기술 공유 (내용이 있는 글은 그룹웨어 지식 공유로 이동 예정)
게시판 - 사이트 정보 공유
게시판 - 자유게시판 (하위 아이디어 및 자유게시판 내용 중 일부는 그룹웨어 지식 공유로 이동 예정)
UNISAFER (게시글 없음)
DBSAFER AM (게시글 없음)
INSTAT (""OLD 프로젝트 - 기타"" 게시판으로 게시글 이동 후 삭제)
PNP_SUPPORT (""OLD 프로젝트 - 기타"" 게시판으로 게시글 이동 후 삭제)
WebGateDB (""OLD 프로젝트 - 기타"" 게시판으로 게시글 이동 후 삭제)
DBSAFER 패키지 미포함 모듈 - 윈도우 : 자료실 - 업무용 프로그램 공유 로 게시글 이동 후 삭제
게시글 삭제 대상
DBSAFER v 5.0 - 매니저 기타 하위 게시글
5.0.9.4 ALPHA (Build - 6999) 이하 삭제
DBSAFER v 3.0 - 매니저 기타 하위 게시글
Manager Enterprise 3.0.8.0 ALPHA (Build - 3977) 이하 삭제
NODESAFER 4.0.8.0 (Bulid - 3958) 이하 삭제
DBSAFER v 2.0 - 매니저 설치 릴리즈 하위 제외 전체 게시글
<2.0.5.0> 통신패킷1.21 - 일반
<2.0.4.9> 통신패킷1.23 - 일반
<2.0.4.9> 통신패킷1.19 - 일반
<2.0.5.3> 통신패킷1.21 OTP (+SSL)
<2.0.5.2> 통신패킷1.19 OTP (+SSL)
DBSAFER v 2.0 - 매니저 설치 기타 하위 제외 전체 게시글
[LogViewer 1.21][v1099] 기본 보고서 설치본
2.0용 대량 로그 백업 프로그램
게시판 비활성화 (보이지 않도록 설정) 대상
DBSAFER v 3.0
DBSAFER v 2.0
WASSAFER v 4.0
OLD 프로젝트
게시판 이동
매뉴얼 및 문서 : 매뉴얼 카테고리 구성 후 이동
DB 툴 내보내기 제어 : ""기타 프로젝트"" 게시판 생성 후 하위로 이동
결재시스템 : DECIDE V 3.0 으로 이름 변경 후 결재시스템으로 이동
결재관리시스템 : DMS 로 이름 변경 후 결재시스템으로 이동
사이트 커스터마이징 모듈 : ""연동 및 서버 운용 모듈"" 하위 커스텀 모듈로 명칭 변경 후 이동
DBSAFER 패키지 미포함 모듈 - 서버 : ""연동 및 서버 운용 모듈"" 하위 연동 모듈로 명칭 변경 후 이동
""USER TRACER"" 을 ""개인정보 모니터링 (INFOSAFER)"" 하위로 이동
신규 게시판
연동 및 운용 서포트 모듈 : DBSAFER 운영 보조 모듈 및 사이트 연동 모듈",현승환: BBS게시판 정리는 품질보증실 여성구 팀장님이 진행하고 계십니다 .(참고),https://cafe.naver.com/pnpsecure2/6596
6579,[중앙선거관리위원회] ServerAgent 접근제어정책에 설정된 IP그룹 객체가 수정 및 삭제가 가능하게 동작하여 정책 꼬임 현상,"[요약]
ServerAgent 접근제어정책에 설정된 IP그룹 객체가 수정 및 삭제가 가능하게 동작하여,
수정 및 삭제 시 정책 꼬임 현상 발생
그 외 다른 접근제어 또는 권한제어 정책에서는 IP그룹이 등록되어 있으면 삭제 되지 않음(정상 동작)
ServerAgent 접근제어정책에 서비스 그룹 객체에 대해서도 삭제 되지 않음(정상 동작)
> ServerAgent 접근제어정책 + IP그룹 객체일 때만 문제 발생
Manager 7에서 재현되며 5에서는 정상 수행으로 확인됨
해당 증상 조치를 위해서는 Enteprise Manager 7.0.0.2 ALPHA (Build - 2986) 버전 이상으로 사용 필요
매니저 다운로드 url https://bbs.pnpsecure.com/showthread.php?tid=13701
[이슈 상세]
- ""ip그룹_depth2""라는 ip 그룹을 생성
- ""ip그룹_depth2""라는 ip 그룹을 ServerAgent 접근제어 정책에 등록
- 이후 ""ip그룹_depth2""라는 ip 그룹삭제 시도 (정상 동작이라면 삭제 안됨)
- 이후 ""ip그룹_depth2""라는 ip 그룹삭제 시도 (정상 동작이라면 삭제 안됨)
- ""ip그룹_depth2""라는 ip 그룹이 삭제되어 server_manager 모듈에서 경고 로그 발생 및 정책 꼬임 현상 발생
[조치 방법]
해당 증상 조치를 위해서는 Enteprise Manager 7.0.0.2 ALPHA (Build - 2986) 버전 이상으로 사용 필요
매니저 다운로드 url https://bbs.pnpsecure.com/showthread.php?tid=13701
[참고]
DBSAFER v7.0 환경에서 IP그룹 설정을 통해 ServerAgent 접근제어 정책 설정을 하고 있는 고객사라면 충분히 발생할 수 있는 현상으로 확인 및 조치가 필요해 보입니다.",댓글 없음,https://cafe.naver.com/pnpsecure2/6579
6506,[아모레퍼시픽]자동관리객체 그룹정보 변경기능요청,"[분류] (에러로그문의 / 기능로직문의 / 기타문의)
기타문의
[고객사/채널사]
아모레퍼시픽
[이슈내용]
1. 증상 (증상 발생 전/후 변경된 사항의 유무를 반드시 체크0
pnp_aws_service에 의해 생성된 객체를 타 그룹에 추가하고 싶음
-> 자동으로 관리하는 객체입니다. 메세지와 함께 동작 불가
2. 예상되는 원인 및 확인한 내용 (방화벽 및 보안 프로그램 등의 체크 사항)
3. 특이사항 (연동 모듈, 커스텀 개발 등)
4. 사내 재현 정보
5. 요청사항
자동관리 객체로 관리하면서 해당 객체를 여러 개의 그룹으로 관리하는 방법을 요청
> 정책등록시 그룹으로 묶어서 관리하고 싶음
[모듈 로그(Debugging 로그 및 ERROR 로그]
(파일 첨부를 하는 경우에도 중요한 에러로그(ERROR, WARNING)의 경우 반드시 본문에 포함)
[버전 정보](서버 PKG, Manager, PC-ASSIST, 클라이언트 툴 버전 등)
pnp_aws_service v1.20T
Enterprise Manager 5.0.9.4A Build-7264
[첨부파일](파일명에 이슈와 관련된 모듈이나 제품명 및 사이트명)","김태윤: 해당 건에 대해서 별도 구두로 확인된 사항을 바탕으로 다시 가이드 합니다.

pnp_aws_service 를 통해서 연동된 객체, 그룹의 경우 다른 그룹에 넣지 못하도록 lock 설정이 되어 있는 상황이 맞습니다.

따라서 연동된 객체에 대해서 기존에 있던 부분은 그대로 두되, 다른 객체에 추가하는 것에 대해서 연구소 개발자와 문의 결과 가능할 것으로 확인되었습니다.

벅스로 등록해 주면 해당 개발자로 할당하겠습니다.

감사합니다.",https://cafe.naver.com/pnpsecure2/6506
6298,"[TIP] 매니저 기타로그(시스템, 경고) 언어 설정 변경","매니저 로그조회 > 기타로그 (시스템, 경고) 언어 설정을 변경하는 방법
[설정 파일 경로]
/dbsafer/.conf/lang.conf
[옵션]
ko
en
[영문 변경 방법]
1. lang=en 설정
lang.conf 파일 내용 수정
2. pnp 모듈 재시작
13시 이후 로깅된 항목들은 영문으로 로깅
[추가설명]
1. 매니저 언어 설정 변경 (해당 카페 내용 참고)
https://cafe.naver.com/pnpsecure2/6281
cafe.naver.com
cafe.naver.com
- 레지스트리만 변경하는 경우 시스템로그, 경고로그가 한글로 표시",댓글 없음,https://cafe.naver.com/pnpsecure2/6298
6281,[TIP] 매니저 언어 설정 변경 (레지스트리 변경),"매니저의 언어 설정을 변경 하는 방법
[레지스트리 경로]
Computer\HKEY_LOCAL_MACHINE\SOFTWARE\PNP SECURE\Enterprise Manager 7
[변수명]
- Html Path
[옵션]
- KOR
- ENU",댓글 없음,https://cafe.naver.com/pnpsecure2/6281
6003,"[TIP] 매니저 IP 객체 정책 적용 불가 현상 공유 (csv 불러오기, mac address 컬럼)","[요약]
- 현상 : 허용 정책에 IP 그룹이 들어가 있고, NAT 리스트에도 접속 가능으로 보이지만, 허용 정책 적용을 못하는 현상
: IP그룹안에 MAC 주소가 입력된 객체 (IP + MAC Address)에 대해서 허용정책이 반영 되지 않음
- 원인 : 매니저 CSV 로 MAC 컬럼이 설정되어 있는 IP 객체 불러오기 했을 경우 발생
: 담당자가 신규 사용자 IP 조사를 위해 IP 객체 CSV 파일을 배포하였고,
몇몇 사용자가 CSV 파일 내 MAC Address 까지 입력하게 되면서 위와 같은 현상 발생
- 조치방법
> 버그로 발견되어 버그 수정본인 최신 버전의 매니저 설치 필요 (build-6802 이상)
[버전정보]
- ENTERPRISE MANAGER Build-6759
[상세내역]
- 사내테스트 진행 내역
1) 사용자 PC에서 MAC 주소, IP 주소 확인 및 CSV를 통하여 MANAGER에 IP 객체 등록 진행
Next image
2) IP + MAC Address가 입력된 IP객체가 들어있는 그룹 허용정책에 등록
3) NAT 리스트 확인 가능하나 접속 테스트 시 매니저에서 차단 로그 발생
[결론]
- CSV 파일로 IP 객체 등록 시 IP+MAC Address 객체 사용 시 build-6802 이상 버전의 매니저 사용이 필요합니다.
(IP+MAC Address로 등록하여 사용하는 IP 객채에 대해서는 MAC 컬럼을 바라보지 않도록 수정되었다고 합니다.)
* 수정이 필요한 부분이나 개선사항이 있다면 댓글로 남겨주시면 감사하겠습니다.",댓글 없음,https://cafe.naver.com/pnpsecure2/6003
5946,"[공지] 2023년 유지보수 점검양식 - DBSAFER, SA, IM, IMUP","안녕하세요 기술본부 여러분
기술지원실 현승환입니다.
23년 정기점검 양식 변경에 따른 공유 드립니다.
23년 9월 5일 이후에 변경된 양식으로 사용 부탁 드립니다.
감사합니다.
첨부파일
피앤피시큐어_정기점검_20230905(IM-IMUP추가)_ma_works추가
.doc
null
파일 다운로드","윤효정: OJT 교육과정에서도 해당 자료로 진행할 수 있도록 업데이트 완료하였습니다.
감사합니다.",https://cafe.naver.com/pnpsecure2/5946
5941,"[TIP] 웹 포트를 3443이 아닌 다른 포트를 사용하는 경우, 매니저 2차인증 기능 사용시 에러 발생하는 현상","[개요]
1. 고객사 요청에 의해 웹 포트를 3443이 아닌 다른 포트를 사용하는 경우가 있음.
2. 이 경우, 매니저 2차인증 시 saferuas에 인증설정을 질의할 때 3443으로만 통신하도록 매니저 내부에 하드코딩 되어있어 통신오류가 발생하며 매니저에 로그인할 수 없는 현상 발생.
[해결방법]
1. Enterprise Manager 설치 디렉터리로 이동(C:\Program Files\PNP SECURE\Enterprise Manager)
2. MgrProperty.cfg 파일 생성
3. 아래와 같이 내용 입력 후 저장 (ex. 포트 번호를 443으로 변경하여 사용중인 경우)
[Saferuas]
port=443
[주의사항]
MgrProperty.cfg 파일을 통해 매니저에서 saferuas 설정을 질의하는 포트를 변경하는 기능은 Enterprise Manager 5.0.9.4 ALPHA (Build - 6429) 버전 이상부터만 제공하고 있습니다. 이보다 하위 버전 매니저의 경우 build 6429보다 상위 버전의 매니저를 사용해야 합니다.
참고 : https://bbs.pnpsecure.com/showthread.php?tid=11558
https://bugs.pnpsecure.com/view.php?id=23101
감사합니다.",댓글 없음,https://cafe.naver.com/pnpsecure2/5941
5854,[TIP][MANAGER] 매니저 중복 로그인 허용/차단 설정 기능,"[개요]
- 매니저 관리자 중복 로그인 설정 기능 설명
[방법]
- pnp_agent.conf (LOG 서버) 의 ""allow_multilogin"" 옵션 설정
[옵션]
(1) 0 - Disallow // Disallow multi login
> 중복 로그인 허용하지 않음.
(2) 1 - Allow // Allow multi login
> Default 설정. 중복 로그인 허용함.
(3) 2 - Only Allow One Writing and Multi Reading Authenication Manager
> 관리 권한 관리자 1계정만 동시 로그인 허용. 열람 권한 관리자는 중복 로그인 가능
> 관리 권한 관리자 로그인되어 있으면 다른 계정의 관리 권한 관리자는 로그인 불가
[추가설명]
(1) 0 - Disallow // Disallow multi login
- 1계정당 1PC에서만 로그인 가능.
(2) 2 - Only Allow One Writing and Multi Reading Authenication Manager
- 1개의 관리 계정만 로그인 허용
옵션 값 설정 후, pnp_agent 모듈 재시작해야 설정 적용됩니다.
매니저 중복 로그인을 허용하지 않고자 하는 고객사에 설정해주시면 됩니다.",댓글 없음,https://cafe.naver.com/pnpsecure2/5854
5844,"[TIP] 매니저 프로그램 삭제 시 ""you hava newer version of the application. setup will exit."" 팝업 발생 및 삭제 불가 현상 조치 방법 공유","[요약]
- 현상 : 특정 사용자 PC 에서 MANAGER 삭제 시 에러 메시지 출력 및 삭제 불가 현상 발생
: 삭제 진행 시 'you hava newer version of the application. setup will exit.' 팝업 발생 및 삭제 불가
- 원인 : 구 버전의 매니저인 경우 레지스트리 경로(키) 자체가 삭제되었거나,
설치된 매니저 버전보다 삭제에 쓰려고 하는 .exe 실행 파일의 매니저 버전이 낮을 경우 발생
- 조치방법 - 1)
> 최신 버전의 매니저 전달하여 삭제 및 재설치 진행
- 조치방법 - 2)
> Window + R > 'regedit' (레지스트리) 입력 및 진입
> 32bit 매니저 : HKEY_LOCAL_MACHINE\SOFTWARE\WOW6432Node\PNP SECURE\Enterprise Manager
> 64bit 매니저 : HKEY_LOCAL_MACHINE\SOFTWARE\PNP SECURE\Enterprise Manager
> 레지스트리 내 매니저 버전값을 강제 낮게 지정하여 삭제 실행 시 newer 버전으로 인식하지 않게끔 조치 및 삭제
[버전정보]
- ENTERPRISE MANAGER Build-5894
[상세내역]
- 조치방법 -1) (실제 고객사 사진이 아닌 사내테스트 진행)
- 특정 사용자 PC 에서 MANAGER 삭제 시 에러 메시지 출력 및 삭제 불가 현상 발생 (사진 참고)
- 문제 발생 PC에 최신 버전(글 작성일 기준) Build-6759~.exe를 실행하여 '제거' 수행
> 정상 제거 확인 완료
- 조치방법 -2) (실제 고객사 사진이 아닌 사내테스트 진행)
- 특정 사용자 PC 에서 MANAGER 삭제 시 에러 메시지 출력 및 삭제 불가 현상 발생 (사진 참고)
> 'regedit'실행 > 'HKEY_LOCAL_MACHINE\SOFTWARE\PNP SECURE\Enterprise Manager' 이동 및 버전 확인
: 설치된 버전은 Build-5894 이지만, 레지스트리에는 '4008006000' 이 들어있음
> Enterprise Manager 선택 후 우측화면에 우클릭하여 '수정' -> '값 데이터' -> 4008005894 입력
이름 : Version / 데이터 : 400800xxxx 입력 (xxxx에는 실행할 매니저 빌드 버전 입력 - ex. 4008005894)
[결론]
- 매니저 삭제간 위와 같은 팝업 발생 시 최신 버전 매니저 파일 혹은 레지스트리 수정으로 조치 가능
* 수정이 필요한 부분이나 개선사항이 있다면 댓글로 남겨주시면 감사하겠습니다.",댓글 없음,https://cafe.naver.com/pnpsecure2/5844
5829,[Manager] 7.0 매니저 서비스 생성시 도메인 주소 입력이 불가능한 경우,"[원인]
최초 DBSAFER7 설치할때 cloud 버전이 아니라 legacy 버전으로 설치하면서 도메인 지원이 안됨.
[대응방안]
dbsafer3.variables 테이블의 product_type value값을 변경하면 됩니다.(기존 : 1, 변경 : 2)
7.0 DBSAFER 도메인 지원하는 사이트가 맞는지 영업과 확인이 필요할 수 있습니다.","여성구: 본 사항을 엔지니어의 수정이 없도록 legacy 설치 조건에서도 domain 이 지원되도록 개선이 되면 좋겠습니다. | 하충현: 기본적으로 product_type 이 2(클라우드) 일 때 도메인 입력이 가능합니다

단,variables 테이블에 product_type이 없을 경우
등록된 서비스 객체 중 도메인 주소가 있는지 확인하고
product_type_sub에 기록하게 되어 있습니다
5.0에서 도메인 사용하던 사이트에 7.0 업그레이드 했을 경우를 대비한 것으로 보임)

7.0에서 도메인 사용하실때 저 sub값을 2로 변경하셔도 동일합니다

최재규 대리님이 추가 확인 해주셨습니다",https://cafe.naver.com/pnpsecure2/5829
5680,7.0 매니저 정책 설정 중 '메모리가 부족합니다' 팝업 발생 현상,"[이슈]
-7.0매니저 사용 중 정책 설정 > 보안계정 선택 시 '메모리가 부족합니다' 팝업
-작업관리자 > 전체 메모리 사용율 50%내외
-담당자 PC에서만 발생
[요청사항]
-7.0 매니저 '메모리가 부족합니다.' 알림 팝업 임계치 기준 문의드립니다.
-해당 알림 발생 기준을 낮출 수 있는지 문의드립니다.
[상세정보]
- 특이사항 : DBSAFER 7.0 분리구성(LOG+GW1+GW2)
- 전후상황 : 사이트에서 별도로 수정된 사항은 없음.
- 모듈/프로그램 버전 : Enterprise_Manager_7_Build-2005[7E]_Setup
담당자 PC에서 64bit 매니저 실행이 안되어 32bit로 사용 (해당경로 AD 실행권한 있음, 동일한 프로세스명의 32bit 매니저는 정상실행, PC에 설치된 보안프로그램에서는 블랙리스트로 특정 프로세스만 제어한다고 함)
DBSAFER 서버 메모리 이상 없음, 모듈 에러로그 없음
em_log 전달
[답변, 조치사항]
- 윈도우가 32bit 프로그램(매니저)에 할당한 메모리가 제한적이어서 발생
- 매니저에서 정책 정보 및 보안계정 정보 로딩 시에 해당 데이터를 메모리에 적재하는데 PC에서 할당해주는 메모리 이상으로 쓰게되면 해당 메시지가 발생할 수 있음
- 64bit 매니저 실행이 안되는 현상은 Digital Guardian 솔루션 (프로세스명 DgAdmin.exe, DgAgent.exe, DgPrompt.exe, DgService.exe, DgWip.exe) 에서 C:\Program Files\PNP SECURE\Enterprise Manager 7 경로 내 exe, dll파일 예외처리 후 64bit 매니저로 실행하여 정상작동",댓글 없음,https://cafe.naver.com/pnpsecure2/5680
5669,[TIP]MANAGER 2차인증 기능 설정 방법,"[개요]
- 기존 DBSAFER Manager에서는 보안계정을 연동하여 2차인증에 대해 지원을 하고 있었으나 이를 개선하여 관리자계정만으로 독립적으로 2차인증 동작할 수 있도록 기능 추가가 되었습니다.
[설정방법]
- saferuas 지원 버전 : 2.0.51.3 이상
.2차인증 설정에서 관리자 2차인증 선택에서 사용자 선택(토큰OTP,SMS,MAIL) 선택
- Manager 설정 방법
.시스템 설정 -> 메뉴 설정 -> 매니저 로그인시 2차인증 사용, 관리자계정 2차인증 사용 체크 후 저장
- 2차인증 기능 활성화시 관리자계정 추가 또는 수정시 아래와 같이 휴대전화번호, 이메일, 관리자 2차인증 사용여부를 선택할 수 있도록 기능이 활성화 됨
- OTP, SMS, 메일 3가지 종류를 선택해서 활성화 했을 경우 아래와 같이 목록 표시가 되며 원하는 인증방식으로 인증 후 로그인을 할 수 있습니다.",댓글 없음,https://cafe.naver.com/pnpsecure2/5669
5656,"[TIP] DB2(UDB, v11.5.8) 접속가능한 툴 / 드라이브 / 가이드메뉴얼 공유드립니다","안녕하세요, DBSAFER_DB구축시 DB2 접속에 대한 어려움이 있습니다.
- 쿼리박스에 db2접속기능이 있지만 안됩니다ㅜㅜ
- dbeaver를 사용하면 되지만, 저같은 경우는 드라이브 이슈도 있더라고요
: 첨부드린 메뉴얼은 드라이브(jar)설정하는 가이드도 나옵니다
> DB2서버에 드라이브 달라고 요청하신다음에, 적용하시면 될겁니다
(최신 드라이버도 같이 올려드립니다)
감사합니다.
첨부파일
G020_DA가이드_Dbeaver_설치_및_DB연결_가이드_v0.4
.pptx
null
파일 다운로드
첨부파일
db2jcc4
.jar
null
파일 다운로드
dbeaver 다운로드 경로
https://dbeaver.io/download/
Download | DBeaver Community
DBeaver Community 22.3.0 Released on December 5th 2022 ( Milestones ). It is free and open source ( license ). Also you can get it from the GitHub mirror . DBeaver PRO 22.2 Released on September 12th, 2022 PRO version web site: dbeaver.com Trial version is available. Windows Windows (installer) Wind...
dbeaver.io",댓글 없음,https://cafe.naver.com/pnpsecure2/5656
5631,[TIP][MANAGER] 시간동기화 설정이 안 될 경우,"[개요]
- DBSAFER Enterprise Manager 시간동기화 설정 시 시간 동기화 서버 설정이 없어지는 경우 해결 방법
[증상]
- DBSAFER Enterprise Manager 시간동기화 서버 설정 시 설정 값이 없어짐
- DBSAFER 서버 SSH 접속 후 pnp_ntpsync update [서버 주소] 명령어 입력 후 pnp_ntpsync show 명령어로 확인 시 'NTP server is empty' 알림 발생
- pnp_ntpsync 모듈 재실행 되지 않음
- DB에서 데이터 확인
: 확인 명령어 select * from variables where name like '%NTP%';
: 특정 정보 없음
> 정상
NTP_SYNC_TIME, NTP_SYNC_SERV
> 비정상
NTP_SYNC_TIME
[방법]
1. DB에 접속 접속
2. NTP_SYNC_SERV 데이터 값 추가 및 확인
추가 명령어 : insert into dbsafer3.variables values ('NTP_SYNC_SERV', 'NTP 서버 IP');
확인 명령어 : select * from variables where name like '%NTP%';
3. DBSAFER Enterprise Manager 시간 동기화 설정 확인 및 모듈 설정 값 확인
- 시간 동기화 설정 값이 반영되어 있는지 확인
- pnp_ntpsync 모듈 반영 확인",댓글 없음,https://cafe.naver.com/pnpsecure2/5631
5457,[TIP] 특정 디스크 경고 메일 연동 방법 공유,"[개요]
- 전체 디스크 크기에 대한 경고 알림을 받을 수 있는 방법은 많지만 특정 디스크 크기에 대한 경고 알림을 받는 기능이 공유 및 전파 되어있지 않아 작성하였습니다.
[기능 활성화 방법]
1. mailer 실행
2. pnp_sysmon.conf 설정 파일 내의 MAIL_SEND_TIME 옵션 설정
* 추가로 설정파일 내에서 DISK, CPU, MEM 수치를 각각 임계값 이상 시 실시간으로 check하여 이상 시 알림을 받도록하는 기능이 있지만, 해당 기능은 전체 디스크량 밖에 지원하지 않기 때문에 설정하지 않음
3. manager - 환결설정 - 특정 디스크 경고 임계치 설정
* 특정 디스크 경고 임계치 설정 기능 활성화 방법
- 시스템 설정 > 시스템 모니터링 설정 > 서버 모니터링 - 특정 디스크에 대한 모니터링 및 경고 임계치 설정 기능 사용
(단, pnp_sysmon - Rev 148 이상에서만 기능 지원)
[동작방식]
- 전체 디스크량 설정과 특정 디스크 경고 임계치 설정에 혼선을 줄 수 있는 부분이 있어 동작방식 설명 드립니다.
- 첫번째(순번 1)에 등록한 파티션에 대하여 디스크량 부족 시 메일연동 기능을 제공합니다.
- 단, 디스크량 부족에 설정한 값이 특정 디스크 임계치 설정한 값보다 우선순위가 높습니다.
(디스크량 부족은 총 디스크량으로 판단합니다.)
- ex)
예시로, 총 디스크량 크기와 /home 파티션의 용량이 각각 58.1 / 76.6 인 상황에서
임계치를 각각 20%로 설정하였으니 swap 파일을 생성하여 디스크의 크기를 증가시켜보았습니다.
- 특정파티션(/home)의 크기가 80% 이상일 때에는 /home 디스크의 크기로 메일이 전달되지만
- 특정파티션(/home)과 총 파티션의 크기가 80% 이상일 때에는 총 디스크의 크기로 메일이 전달됨을 확인할 수 있습니다.
[적용 결과]
1. DBSAFER 경고 알람 메시지
2. 경고 로그
[MANAGER] > [로그조회] > [기타] > [경고로그]
3. 메일 알림
[TIP]
Q : 메일 연동 시 캐릭터 셋이 깨지는 현상
- 메일 form 설정 파일 : sysmon_system_info_mail_form.txt
A : 파일 인코딩 / 캐릭터셋 변경 필요
1) 파일 인코딩 확인
# file -i sysmon_system_info_mail_form.txt
sysmon_system_info_mail_form.txt: text/html; charset=utf-8
2) 파일 백업
# cp -af sysmon_system_info_mail_form.txt sysmon_system_info_mail_form.txt.utf8
3) 인코딩 변경
# iconv -f utf-8 -t euc-kr sysmon_system_info_mail_form.txt > sysmon_system_info_mail_form.txt.euc-kr
4) 인코딩에 맞는 파일 원본파일과 변경한 후 정상동작 확인
# cp -af sysmon_system_info_mail_form.txt.euc-kr sysmon_system_info_mail_form.txt
[관련 카페글]
- 서버 자원 임계치 계산법 및 메일 전송 폼
https://cafe.naver.com/pnpsecure2/224
cafe.naver.com
cafe.naver.com
- 서버 자원 과점유 시 관리자에게 메일 알림 설정 방법
https://cafe.naver.com/pnpsecure2/3600
cafe.naver.com
cafe.naver.com",댓글 없음,https://cafe.naver.com/pnpsecure2/5457
5345,[TIP][MANAGER] 명령어 로그 조회 중 Merge Into 문 조회 누락,"[개요]
- 명령어 로그조회 중 SQL 유형에 ""Merge Into"" 문을 다른 명령어와 함께 조회할 경우 조회 불가
- ""Merge Into"" 만 단독으로 조회할 경우 정상적으로 조회가 가능함
<merge into문 포함 및 미포함 시 로그조회 결과>
<merge into 문 단독조회 결과>
- Merge Into 구문의 경우 qry_type이 지정되지 않아 기존의 검색조건에 부합하지 않습니다.
==============================
select
STRAIGHT_JOIN count(*),
count(*)
from
dbsafer_log_2022_11.db_query_05 Q,
dbsafer_log_2022_11.db_qinfo T
where
T.idx = Q.query_info
and (
(Q.`query` like '%Delete%')
or (Q.`query` like '%Insert%')
or (Q.`query` like '%Update%')
or (Q.`query` like '%Merge Into%')
)
and (
(T.`qry_type` = '4100')
or (T.`qry_type` = '4098')
or (T.`qry_type` = '4099')
)
==============================
마지막 AND 조건에서 Merge Into에 대한 qry_type이 지정되지 않아 해당 명령어가 조건에 나오지 않습니다.
[수정내역]
현재 매니저 최신버전(Build-6270 이상)에서 검색조건을 수정하여 정상적으로 로그 확인이 됩니다.
매니저의 최신버전 패치가 필요합니다.
[추가사항]
- DDL문의 경우 명령어 유형 메뉴에서 DDL문을 선택시 표기되는 명령어 뒤에 table이 붙어있는 명령어만 조회 됨
- alter를 선택하여 조회할 경우 alter table 문만 조회 되고, alter prodedure, alter view, 등의 쿼리는 조회 되지 않음
(나머지 명령어도 동일)
- CREATE, DROP, ALTER 의 경우 로그데몬이 db_qinfo 테이블 qry_type 필드에 특정 값을 남길 수 있는 명령어 타입입니다.
- 매니저에서 조회 시 해당 명령어는 db_qinfo 테이블에 qry_type 조건을 넣고 검색하다 보니 로그데몬이 분류해준 로그만 검색하여 qry_type이 없는 항목들은 제외가 됩니다.
- CREATE, DROP, ALTER가 포함된 로그를 찾을 경우, *CREATE* 의 형태로 조건을 넣어 like 검색으로 찾는 것을 제안 드립니다.",댓글 없음,https://cafe.naver.com/pnpsecure2/5345
4989,[TIP][MANAGER] DBSAFER 서버 모니터링 파티션 지정,"[개요]
- DBSAFER 서버 모니터링 파티션 변경 방법 소개
- 디스크 모니터 부분의 모니터링 파티션 추가 혹은 변경 방법 소개
DBSAFER 서버 모니터
- 고객사에서 해당 빨간 박스 부분에 표시되는 파티션의 추가를 요청 받음
(사내 재현으로 파티션 정보는 실제와 다를 수 있음)
시스템 설정 변경
- Manager 프로그램에서 히든메뉴 실행(Ctrl + Shift + F8)
- 시스템 모니터링 설정 -> 서버 모니터링 특정 디스크 모니터링 사용 활성화 -> Manager 재시작
환경설정
- 환경설정 -> 특정 디스크 경고 임계치 설정
- 추가할 파티션의 정보와 알림 임계치 설정
디스크 모니터 설정 완료
- 환경설정을 완료하면 위와같이 추가한 파티션의 정보가 디스크 모니터에 추가 됩니다.
- 위의 예시는 DBSAFER Default 구성의 예시로 분리구성의 경우 표시되는 내용이 다름
분리구성의 디스크 모니터 - 변경 전
- 분리구성에서는 df -h로 표시되는 파티션의 상위 10개 파티션의 합계가 표시됨
분리구성의 디스크 모니터 - 변경 후
- Default 구성과 동일한 방법으로 모니터링 파티션 변경
- 고객사에서 요청한 파티션으로 변경 후 디스크 모니터의 LOG1서버 용량이 해당 파티션으로 변경 됨",댓글 없음,https://cafe.naver.com/pnpsecure2/4989
4873,[TIP][MANAGER] PC Agent 최초 로그인 시 초기 비밀번호 강제 변경 설정 방법,"* PC Agent에서 초기 비밀번호로 최초 로그인시 강제적으로 비밀번호 변경할 수 있게 하는 방법
1. Enterprise Manager > 환경 설정 > 보안계정 비밀번호(추가 동작 옵션 설정)
2. 추가 동작 옵션 설정 > 비밀번호 탭 > (설정 변경) > 적용
3. 초기 비밀번호 설정 > 보안계정 비밀번호 초기화
4. PC Agent 로그인 시도 결과","황재필: '2. 추가 동작 옵션 설정 > 비밀번호 탭 > (설정 변경) > 적용' 부분에서
추가적으로 패스워드가 만료된 보안계정 로그인시 필수 비밀번호 변경을 적용을 해야할 때 아래의 설정과 같게 적용하시면 됩니다.",https://cafe.naver.com/pnpsecure2/4873
4825,[공유][드라마앤컴퍼니] 접속계정 띄어쓰기로 인한 접속차단,"안녕하세요. 프로젝트팀 3파트 이상민입니다.
드라마앤컴퍼니에서 있었던 이슈와 해결 내역 공유하여 드립니다.
[요약]
- 드라마앤컴퍼니는 1인 1계정(DB계정) 사용중이며,
""보안계정 + 접속계정"" 매핑하여 접속제어 허용정책 운용 중
- 고객이 생성한 접속계정명에 띄어쓰기가 들어가 있었음
- 띄어쓰기가 들어간 접속계정명과 실제 접속계정명은 다르므로 허용정책이 있어도 접속 차단될 수 밖에 없음
- 패킷덤프, 매니져 화면 등에서 해당 사실 인지하기 쉽지 않음
- Manager에서 접속계정 생성 시 입력값 검증 필요해보임
[증상]
- 특정 사용자(박준혁)만 DB접속 차단됨
- 정책 및 객체 구성에는 오류 없었음, 특정 사용자(박준혁)는 3번 정책으로 접속 허용되어야 함
[원인]
- 해당 인원이 사용하는 접속계정명(DBSAFER 객체)에 띄어쓰기가 들어가 있었음
- 매니저에서 육안 확인 시 접속계정명 띄어쓰기 유무 놓치기 쉬움
ex) d_ junehyuk.park(비정상) / d_junehyuk.park(정상)
[해결]
- dbsafer 서버에서 mysql 명령어를 사용하여 RDS로 접속 테스트하기 위해 접속계정명 복사/불어넣기 하던중
- 계정명(d_ junehyuk.park) 띄어쓰기 되어 있음 인지
- 접속계정명 수정(d_junehyuk.park) 후 정상 접속 허용 확인",채널지원: 이슈 발생한 매니저 버전이 어떻게될까요? | 이상민: build 5921입니다.,https://cafe.naver.com/pnpsecure2/4825
4576,[TIP] EnterpriseManager 설치 후 시스템 오류 발생 시 가이드,"[이슈 내용]
1. EnterpriseManager 설치 후 실행 시 아래와 같은 오류 발생
[원인]
1. 윈도우에 라이브러리가 없어서 발생한 이슈
[해결 방법]
1. ' VC_redist.x64 ' 또는 ' VC_redist.x86 ' 설치 진행
[파일 URL]
1. VC_redist.x64 : https://drive.google.com/file/d/1egotv6qbF-W3SMBdh5BBvQ96erTlAoUV/view?usp=sharing
2. VC_redist.x86 : https://drive.google.com/file/d/1qS_swTfH69kpeh97WTec5HGaobmRkar2/view?usp=sharing",댓글 없음,https://cafe.naver.com/pnpsecure2/4576
1950,"Xming 사용 시, dbsafer 로깅 및 통제가 가능한가요?",#NAME?,댓글 없음,https://cafe.naver.com/pnpsecure2/1950
1947,매니저 접속 허용 IP 목록이 어느 테이블에 저장되나요?,dbsafer3.variables에 mgr_manager_ip_allow_str_0 에 저장 됩니다.,"이진욱: 매니저 Build 3974 이후 부터는 별도 테이블에 저장합니다.

CREATE TABLE IF NOT EXISTS `manager_ip_allow` (
`idx` INT(10) NOT NULL AUTO_INCREMENT,
`manager_id` VARCHAR(32) NOT NULL,
`manager_ip` VARCHAR(64) NOT NULL,
`manager_auth` TINYINT(1) NOT NULL,
`reserved1` VARCHAR(32) NOT NULL,
`reserved2` VARCHAR(32) NOT NULL,
PRIMARY KEY (`idx`),
UNIQUE KEY `key_manager_id_ip` (`manager_id`, `manager_ip`)
);

기존 설정은 매니저가 위 테이블로 마이그레이션 하도록 처리되어 있습니다.",https://cafe.naver.com/pnpsecure2/1947
403,[data Masking] 데이터마스킹 설정방법 안내,"2016 4월 기준 데이터마스킹 기능 정리하여 가이드문서 업로드 합니다.
| 첨부파일:
데이타마스킹 방법_20160422.pdf
데이타마스킹 방법_20160609.docx",댓글 없음,https://cafe.naver.com/pnpsecure2/403
256,[보안계정]접속 로그 조회 관련 테이블 정보 및 설정 방법,"보안계정 접속 로그 조회 관련 설정 방법 및 테이블 정보  안내하여 드립니다.
[매니저 설정 방법]
매니저 시스템 설정 > 로그 조회 설정 > 보안계정 접속 로그 조회
[oms_dms.conf 설정 방법]
보안계정 접속 로그를 남기려면 oms_dms.conf 파일에 별도 옵션 활성화하여야 합니다.
(옵션 변경 시 모듈 재시작 필요)
옵션명   : CERT_HISTORY
# NAT 접속내역 히스토리 작성유무를 설정
# Example : 0 (미 사용), 1 (접속 내역 히스토리 작성), 2 (실패사유 작성), 3 (접속 내역 히스토리 작성 + 실패사유 작성)
# Default : 0
CERT_HISTORY = 3
[테이블 정보]
보안계정 접속 로그 관련 테이블 정보는 다음과 같습니다.
데이터베이스명: 년월별 로그 디비 (dbsafer_log_YYYY_MM)
테이블명 : ldap_history",조민우: cert_history 옵션을 활성화 해야 ldap_history 테이블 생성 됩니다. | 공유민: 감사합니다^^,https://cafe.naver.com/pnpsecure2/256
255,[보안계정]보안계정 암호화 설정,"[설정 방법]
매니저 시스템 설정 > 보안계정 암호화 설정 > 강화된 비밀번호 암호화 설정을 강제 사용
(서버 setup menu 에서 user enhanced encrypt > use pc agent authentication with enhanced password 항목으로 설정 가능하며 변경 후 oms_dms 재시작 필요)
[컬럼 정보]
설정에 대한 컬럼 정보는 다음과 같습니다.
디비명: dbsafer3
테이블명 : variables
컬럼명 : cert_enforced_encrypt_use
컬럼값:
0 : SHA-1
1: SHA-256
2: SHA-512","남민우: 암호화 이력 및 지원 범위는 아래와 같습니다.
DBSAFER 업그레이드 작업 후, 비밀번호 오류 메세지와 함께 로그인이 되지 않을 경우
PC ASSIST가 향상된 암호화 방식을 지원하지 못해서 발생할 수 있습니다.
버전 확인 및 로그인 테스트를 부탁드립니다.

[매니저 및 보안계정 비밀번호 암호화 이력]
• MySQL password() 함수 사용 - 초기 사용
• SHA-1 사용 - 2013년 06월 이전 패키지
• SHA-2 사용 - 2013년 06월 이후 패키지

[적용 매니저 및 서버 패키지 정보]
• Server Package : 2013년 06월 이후 빌드 패키지
• Manager : Build 2814 이상
• PC Assist : V 3.1.6.0 이상
• dbsafer_oms_dms : RV 338 이상",https://cafe.naver.com/pnpsecure2/255
254,객체의 유효기간 별 색상 정의,"객체의 유효기간 관련 색깔 표시의 내용은 다음과 같습니다.
유효기간이 정의되어 있을 경우 : RGB(225, 255, 255);
유효기간이 1주일 이내 남았을 경우 : RGB(255, 225, 225);
유효기간이 만료되었을 경우 : RGB(225, 225, 255);","윤별이: 안녕하세요. 색상 안내가 잘못되어서 내용 정정합니다.
유효기간이 만료되었을 경우, 아래와 같은 색으로 설정됩니다.",https://cafe.naver.com/pnpsecure2/254
253,[로그조회] 기록되는 시간의 의미는?,"DBMS 의 명령어 조회를 보다보면 시간이 많이 나와 헷갈리는 경우가 있습니다.
요청시각, 응답시간, 응답시각, 소요시간, 완료시각 이렇게 5개에 대해서 이야기 해보겠습니다.
요청시각 : 사용자가 쿼리 실행한 시각
응답시간 : 서버로 부터 실행한 쿼리에 대해 응답을 받기 까지 걸린 시간
응답시각 : 서버로 부터 응답 받은 시각
소요시간 : 서버로 부터 데이타들을 받는데 걸린 시간
완료시각 : 쿼리 실행에 관련된 모든 작업이 끝난 시각
이상입니다.","최재규: 기존에 문의 온 관련 내용이 있어서 댓글로 정보 추가해드립니다.

요청 시각 = 서비스 모듈에서 최초 명령어 패킷을 받은 시점에 DBSAFER 서버 시각
응답 시각 = 쿼리 실행 후 최초로 결과값을 전달 받는 시각 (예: 1000만건의 데이터 조회 시 처음의 데이타를 받는 시점)
응답 시간 = 응답시각 - 요청시각

완료 시각 = 쿼리 실행 후 결과 값을 모두 수신하였을 때의 시각
소요 시간 = 완료시각 - 응답시각

관련 벅스
- https://bugs.pnpsecure.com/view.php?id=3694",https://cafe.naver.com/pnpsecure2/253
252,[보안계정] 멀티로그인 설정하기,"러 사용자가 동시에 다수의 PC에서 PC_Assist 를 접속 가능하게 하기 위해서는 아래와 같이 설정합니다.
1. 매니저 설정
시스템 설정 > 보안계정 설정 > 보안계정 다중 접속 처리 설정 체크
매니저 재시작
2. multi_agent_login 파일 생성.
.conf 디렉토리에  multi_agent_login.conf 파일을 생성 합니다.
# cp multi_agent_login.conf.sample ../multi_agent_login.conf
# touch multi_agent_login.conf
oms_dms 재시작
# ./dbsafer_oms_dms restart
3. 관련 테이블
dbsafer_ldap_list , oms_access 테이블과 관련되어 있습니다.
4. 관련 오류
매니저 보안계정에서 ""사용한 NAT 버전"" 공란 으로 출력
상기 설정이 제대로 적용되지 않아 문제 발생 될 수 있음.",정근희: - 웹서비스를 사용할 경우 로그서버에도 multi_agent_login.conf 파일을 생성해 주세요.(21.3.19),https://cafe.naver.com/pnpsecure2/252
251,설치 또는 실행 불가 시 해결 방법 (vcredist),"아래와 같이 팝업 메시지가 출력되면서  매니저 설치 또는 실행이 되지 않을경우 해결방법을 안내합니다.
[에러메시지]
매니저 설치파일 또는 매니저 실행파일 실행 시 아래와 같이 메시지가 팝업 됩니다.
응용프로그램의 side-by-side 구성이 잘못되어 응용프로그램을 시작하지 못하였습니다.
[해결방법]
vcredist_x86.exe 설치
BBS 매니저 업데이트 파일(DBSAFER_5.0.8.0A_Build-####_Update.exe ) 안에 있습니다.
첨부된 파일로 사용할경우 파일명을 ""vcredist_x86.exe"" 로 변경 하여 실행
| 첨부파일:  vcredist_x64.exe.bak ,  vcredist_x86.exe.bak",댓글 없음,https://cafe.naver.com/pnpsecure2/251
250,RDP Viewer 동작 오류 시에 확인 방법,"니저 로그 조회 시에 RDP Viewer 동작 오류 시에 확인 사항들에 대해서 알려드립니다.
RDP Viewer 는 매니저와 GW 서버간의 통신 입니다.
rdp viewer <-> wta_player
사용하는 포트는 33389 입니다.
매니저에서 RDP Viewer 에서 오동작이 발생할 경우 아래와 같이 확인을 해주시기 바랍니다.
wta_player 데몬 가동 상태 확인
wta_player 데몬은  GW 서버에서 가동됩니다.
Port 통신 검사
사용 포트는 33389 입니다.
RDP Session 화면 로깅 데이터 존재 여부 확인
Path : /dbsafer/filelog/wta/yyyy/mm/dd/(session number)
file 생성 시각과 함께 보면 좀 더 수월하게 확인이 됩니다.
wta_player 화면 검사
wta_player 의 경우 실제로는 웹통신이므로 IE 로 확인 가능함
http://(wta_player 가동 IP):33389/wta/yyyy/mm/dd/(file name)?c_index=(cmd count)
상기와 같이 확인을 하였을 경우 모두 정상일 경우 매니저 프로그램의 오류를 의심을 해야합니다.",댓글 없음,https://cafe.naver.com/pnpsecure2/250
249,[장애유발]RDP 세션이 모니터링상에서 유지되는 상황 대처 안내,"RDP 세션이 종료되어도, 모니터링상에서 계속 유지는 상황이 있을 수 있어 안내를 해 드립니다.
[문제상황]
사용자의 실제 RDP 세션이 종료 된 이후에도 DBSAFER 에서  세션이 종료되지 않아 실시간 모니터링, 로그조회상에서 접속 중으로 표시되는 상황이 발생.
LOG, GW 가 분리되어 있는 구조에서 발생.
단독구조에서는 발생하지 않음
[원인]
-  RDP 세션 종료 시점에서 dbsafer_telnet이 GW의 wta_player 를 이용해 WTA_IMAGE 파일을 로그 서버로 전송
-  로그 서버의 wta_player는 이미지를 받아 log서버 내의WTA_IMAGE 파일에 저장
-  Wta_player의 버전이 낮아 image 파일을 전송할 수 없어, dbsafer_telnet이 close_wait 상태가 되고, 따라서 해당 세션을 종료하지 못하는 현상 발생.
[해결방법]
dbsafer_telnet r1054 (2014.05.22, branch 기준) 이상을 사용할 경우 wta_player 1.0.1.1 이상 버전 사용.
DBSAFER_PKG (Branch 20140513) 일자를 사용하는경우
해당증상이 발생하지 않음.
dbsafer_telnet 버전을 최신버전으로 패치할경우,GW, LOG 서버의 wta_player 듈 반드시 패치
DBSAFER_PKG (Branch 20140922) 일자를 사용하는경우
해당증상이 발생하지 않음.
[참고자료]
파일첨부, wta_로그서버처리 과정
첨부파일:  wta_로그서버처리.pptx",댓글 없음,https://cafe.naver.com/pnpsecure2/249
127,[masking] 이메일 형식과 같이 @ 앞 부분을 마스킹하는 방법 좀 알려주세요.,"객체/그룹관리 - 데이터마스킹
메뉴에서 객체 추가를 합니다
마스킹 형식
- 이메일 패턴 : (\w+\.)*\w+@(\w+\.)+[A-Za-z]+::(\w+\.)*\w+::(\w+\.)*\w{3}$",댓글 없음,https://cafe.naver.com/pnpsecure2/127
121,"Oracle instansce 를 추가 할 예정인데, 특정 instance만 통제 대상에서 제외할 수 있나요?","동일한 IP를 가진 오라클 서버는 instance가 구분되어 있다고 해도, IP기준으로 등록하는 서비스 객체에 입장에서 1개 IP로 등록하지만 2개 instance 모두 통제 대상이 됩니다. 2개 instance 모두 통제 대상이 되며, 이를 정책을 이용하여 instance 기준으로 통제 할 수 가 있습니다. 단, 통제 하지 않기를 원하는 instance의 접속내용은 기본적으로 로깅이 됩니다.",댓글 없음,https://cafe.naver.com/pnpsecure2/121
120,사용자가 Altibase 접속 후 명령어를 실행하면 접속 툴의 접속이 끊어집니다.,"필드 한 셀의 포함된 데이터가 많을 경우, 결과 값 저장 옵션을 사용하면 오버플로우 발생으로 인한 접속 툴의 접속이 끊어지는 경우가 있습니다. 이런 경우에는 결과값 저장 정책을 사용하지 않는 것을 추천 드립니다.",댓글 없음,https://cafe.naver.com/pnpsecure2/120
82,보안계정 추가 인증으로 입력하는 IP를 최대 몇 개까지 입력할 수 있나요?,보안계정을 사용할 수 있는 IP 지정은 최대 40개 이상이 가능합니다.,댓글 없음,https://cafe.naver.com/pnpsecure2/82
81,매니저 웹보고서 메뉴 선택 시 'dbsaferid ~ ' 메세지 뜨면서 접속되지 않습니다.,"서버의 SSL 인증서가 사용자 PC 에 설치가 되지 않아서 입니다.
dbsafer에 SSL인증서를 생성 후 IE를 관리자 권한으로 실행 후 상단의 SSL 인증서 설치를 수행하여야 합니다.
1. cd/usr/local/apach/conf
2. 기존 pnpsecure.ssl 파일 삭제 (rm -rf pnpsecure.ssl)
3. 아래 명령어를 통해 ssl 생성 후 웹 서비스 재시작
[root@ localhost dbsafer]#  keytool -genkeypair -alias ""PNPSECURE SSL CA"" -keyalg RSA -sigalg SHA256withRSA -validity 10960 -dname ""CN=xxx.xxx.xxx.xxx,OU=PNP SECURE Inc.,O=PNP SECURE Inc.,L=Bundang-gu,S=\""Seongnam-si, Gyeonggi-do\"",C=KR"" -keystore pnpsecure.ssl
 -genkeypair : -genkey 명칭 변경 (genkey 도 아직 지원함)
 -keysize : 공개키의 사이즈를 조정
 키알고리즘(-keyalg)이 RSA
 -sigalg 옵션을 주지 않으면 default 로 SHA-2 로 지정됨
 IP 주소 변경 필요
4. IE를 관리자 권한으로 실행 후 상단의 SSL 인증서 설치",댓글 없음,https://cafe.naver.com/pnpsecure2/81
80,접속 후 명령어 조회 내역은 어디서 확인할 수 있나요?,DBMS의 명령어 탭에서 확인이 가능합니다.,댓글 없음,https://cafe.naver.com/pnpsecure2/80
79,정책을 세울 때 정책의 우선 순위는 어떻게 되나요?,"정책 목록상의 순번 1,2……와 같이 정책의 우선 순위는 상단에서부터 시작합니다.
따라서 순번1이 최고 우선순위가 됨을 알 수 있습니다.",댓글 없음,https://cafe.naver.com/pnpsecure2/79
78,[oms_dms]보안계정이 로그인에 실패하였을 때 기록을 남기고 싶은데 방법이 있나요?,"oms_dms모듈 설정을 변경 후에 재시작을 하면 활성화가 됩니다.
-      CERT_HISTORY = 1",댓글 없음,https://cafe.naver.com/pnpsecure2/78
77,일정 기간 동안 접속한 사용자에 대하여 세션을 종료시킬 수 있나요?,"서비스 등록 시에 “세션 대기 시간” 을 설정하면 됩니다.
“세션 대기 시간” 을 설정 시 해당 시간 동안 접속 이후 사용이 없는 사용자의 경우 접속 연결이 종료됩니다.",댓글 없음,https://cafe.naver.com/pnpsecure2/77
76,"매니저 내에서 미사용 객체 조회 시 기간 검색과 미사용 일수 검색으로 조회 할 수 있는데, 이 때 검색 조건이 어떻게 되나요?",미사용 객체 조회 시 검색할 때의 검색 조건은 AND 조건이 아닌 OR 조건 입니다.,댓글 없음,https://cafe.naver.com/pnpsecure2/76
75,매니저 비밀번호를 분실하였습니다. 어떻게 하면 찾을 수 있을까요?,"비밀번호를 분실한 경우, 비밀번호를 찾는 것은 불가능합니다.
대신 비밀번호 초기화를 통해 비밀번호 재설정이 가능합니다.
① cd /dbsafer
② /pnp setup
③ RESET ADMIN PASSWORD",댓글 없음,https://cafe.naver.com/pnpsecure2/75
74,장시간 모니터링 시 자동으로 매니저가 잠금 상태로 들어갑니다. 잠금 상태로 들어가는 시간 설정은 어디서 할 수 있나요?,"매니저 환경설정에서 잠금 설정을 변경 할 수는 있습니다.
하지만 보안적인 측면에서 10분 이상의 설정을 권장하지는 않습니다.",댓글 없음,https://cafe.naver.com/pnpsecure2/74
73,서비스 모니터링 시 특정 명령어 필터링은 어떻게 할 수 있나요?,"서비스 모니터링 화면에서 왼쪽편의 “필터링” 탭을 클릭하시면 명령어 항목이 있습니다.
해당 항목에 원하시는 명령어를 입력하면 해당 명령어로 필터링이 가능합니다.",댓글 없음,https://cafe.naver.com/pnpsecure2/73
72,객체 유효기간이 사라졌어요.,객체 유효기간 기본값을 없음으로 변경하면 객체 유효기간이 표시되지 않습니다.,댓글 없음,https://cafe.naver.com/pnpsecure2/72
71,결과값 저장 정책이 아닌데 결과값 행수가 기록되는 것이 정상동작인가요?,"결과값 저장 정책이 아니라도 정책에 적용되는 명령어 로그를 위하여 행수가 측정 및 기록 될 수 있습니다.
하지만 이 과정에서 나온 값은 실제 결과값 저장 정책을 통한 결과값 행수와 다를 수 있습니다.",댓글 없음,https://cafe.naver.com/pnpsecure2/71
70,“미사용 객체 조회” 기능에서 서비스 객체 조회 또한 가능한가요?,"네, 서비스 객체도 조회 가능합니다.
매니저에서 ctrl + shift + F8 명령어를 통해 시스템 설정창을 올린 후
“시스템설정 > 메뉴설정 > 미사용 정책/그룹/객체 검색 사용”을 체크하여 활성화함으로써해당 기능을 활성화 시킬 수 있습니다.",댓글 없음,https://cafe.naver.com/pnpsecure2/70
69,결과값 제어 정책을 사용할 때 개인정보를 조회하지 않는 경우는 결과값 제어 정책이 사용되지 않도록 설정하고 싶습니다.,"문의하신 해당 정책을 적용시키기 위해서는 결과값 제어 정책을 구체적으로 설정하는 작업이 필요합니다.
개인정보 테이블이나 컬럼을 지정을 해서 해당 필드만 조회 시에 결과 값을 제저, 저장 하도록 설정을 하여야 합니다.",댓글 없음,https://cafe.naver.com/pnpsecure2/69
68,서비스 객체에서 동일한 서버IP/port를 여러 개 입력 가능한가요?,"동일한 종류의 서비스 종류에 대해서는 중복된 기능 추가가 불가능합니다.
하지만 서로 다른 종류의 서비스종류(proxy & sniff) 로는 중복이 가능합니다.",댓글 없음,https://cafe.naver.com/pnpsecure2/68
67,매니저 실행 시 side by side 관련 오류 발생 하면서 실행이 되지 않습니다.,"vcredist.exe 파일의 설치가 필요합니다.
이 때 해당하는 운영체제의 종류(x86, x64)에 따라 올바른 버전의vcredist를 선택하시기 바랍니다.
“vcredist.exe” 파일은 본사에서 전달 받아야 합니다.","이진욱: vcredist.exe가 설치되지 않는 상황은 여러가지가 있지만 제가 확인한 바로는 다음과 같은 상황이 있었습니다.

1. 대상 Windows가 초기 설치 이후 업데이트 되지 않는 버전

2. 낮은 Windows 버전(Win 7 이하 버전)

3. 설치 권한이 없는 윈도우 계정으로 설치 시 간혹 발생

4. InstallSheild 오류(vcredist.exe) - 잦은 설치로 InstallSheild의 DLL 등이 꼬인 상태에서 발생하는 것으로 보임

해당 사항에 대해서는 원인을 찾는 것이 좋지만 고객 대응 입장에서는 vcredist.exe를 설치하여 문제 대응을
하는 것이 나을 수 있을 것으로 보입니다.",https://cafe.naver.com/pnpsecure2/67
59,매니저 접속 시에 접속 오류가 발생됩니다.,"DB 통신 중 SSL 통신에 대한 원인 확인이 필요합니다. 네트워크 환경의 변경이 있었는지도 알아보아야 합니다.
예를 들어 DB SSL 통신 시에 IPS 에서 통신 Packet을 Drop 시키는 경우 매니저 접속 오류가 발생할 수 있습니다.",댓글 없음,https://cafe.naver.com/pnpsecure2/59
58,매니저 접속 제한 IP 설정 활성화로 담당자가 매니저에 접근을 못하고 있습니다.,보안서버의 SETUP 에서 “ACCESS-IP OF MA NAGER SETTING” 메뉴를 선택하여 해당 접속 제한을 비활성화 혹은 직접 IP 를 입력하여 수정 할 수 있습니다.,댓글 없음,https://cafe.naver.com/pnpsecure2/58
57,"매니저 상의 요청시각, 완료시간 등의 정의가 궁금합니다.",#NAME?,댓글 없음,https://cafe.naver.com/pnpsecure2/57
56,/home 디렉토리 사용률 100%로 인해 매니저 로그인이 안됩니다.,"/hoem 디렉토리에 DB 감사 로그가 적재 및 운영 데이터를 포함하고 있기 때문에 Full 로 접속이 불가능한 상황에서는 접속이 불가능합니다.
데이터에 대한 백업 후 이관 등으로 공간을 확보하여야 합니다.",댓글 없음,https://cafe.naver.com/pnpsecure2/56
